patient_id,condition,noise_level,condition_number,eigenvalue_0,eigenvalue_1,eigenvalue_2,eigenvalue_3,eigenvalue_4,invisible_weight_phi_baseline,invisible_weight_a_pas_kpa,invisible_weight_b_pas,invisible_weight_ca50_ref_um,invisible_weight_clearance_l_per_h
20,rest@0,optimistic,1.403411062782346e+303,1403.411062782346,14.22171675612988,1.3046461586948648,0.03456424851547551,0.0,0.0,0.0,0.0,0.0,1.0
137,rest@0,optimistic,3.470361014820703e+302,347.0361014820703,155.66201976227876,1.8131096854407855,0.39474480144315405,0.0,0.0,0.0,0.0,0.0,1.0
221,rest@0,optimistic,5.62089128753622e+302,562.089128753622,39.417535049788505,1.903658264947649,0.27214944255332135,0.0,0.0,0.0,0.0,0.0,1.0
222,rest@0,optimistic,4.438118883395768e+302,443.81188833957685,151.20118056969076,4.572517230336378,0.6577865416185084,0.0,0.0,0.0,0.0,0.0,1.0
436,rest@0,optimistic,8.768188313727993e+302,876.8188313727993,18.035540930073278,1.766910439585369,0.2351887542019855,0.0,0.0,0.0,0.0,0.0,1.0
502,rest@0,optimistic,1.1359308004018655e+303,1135.9308004018656,90.21067983431129,3.756195222315755,0.15100650378306543,0.0,0.0,0.0,0.0,0.0,1.0
505,rest@0,optimistic,1.0585030757525981e+303,1058.503075752598,95.31809586402751,3.77076139193454,0.20445041496477204,0.0,0.0,0.0,0.0,0.0,1.0
600,rest@0,optimistic,3.0813184972391907e+302,308.13184972391906,72.32171375233442,1.4413181672353281,0.8185020584185749,0.0,0.0,0.0,0.0,0.0,1.0
960,rest@0,optimistic,1.5936702168612428e+303,1593.6702168612428,8.883980393434205,0.6073549597445804,0.0008598722507555294,0.0,0.0,0.0,0.0,0.0,1.0
1635,rest@0,optimistic,2.34709881088083e+303,2347.09881088083,116.13150815867111,0.5964560303411333,0.05940304697365647,0.0,0.0,0.0,0.0,0.0,1.0
1680,rest@0,optimistic,3.4511783892327144e+302,345.11783892327145,203.3868143144252,0.7977969637258195,0.004233050408509326,0.0,0.0,0.0,0.0,0.0,1.0
1728,rest@0,optimistic,2.4629837796734884e+302,246.29837796734884,197.5161497594432,2.400522691510134,0.6610056120030097,0.0,0.0,0.0,0.0,0.0,1.0
2104,rest@0,optimistic,2.4567224701987022e+302,245.6722470198702,156.13663419709778,1.1102129624390187,0.4319434313883796,0.0,0.0,0.0,0.0,0.0,1.0
2197,rest@0,optimistic,1.458166239057292e+303,1458.1662390572922,9.933111827216168,1.2121717539359227,0.07151411862107476,0.0,0.0,0.0,0.0,0.0,1.0
2202,rest@0,optimistic,1.514038713376851e+303,1514.038713376851,9.411438849326752,1.2559254094396646,0.06570901780195365,0.0,0.0,0.0,0.0,0.0,1.0
2309,rest@0,optimistic,2.858411246385128e+302,285.84112463851284,114.27503896705467,1.3754851200838416,0.7309847566283364,0.0,0.0,0.0,0.0,0.0,1.0
2318,rest@0,optimistic,5.699658727755695e+302,569.9658727755696,152.57846872891037,3.6002234802412323,0.6474097865542164,0.0,0.0,0.0,0.0,0.0,1.0
2669,rest@0,optimistic,4.130812949552676e+302,413.08129495526765,103.94057189400901,1.9141356582058646,0.48371926261646975,0.0,0.0,0.0,0.0,0.0,1.0
2682,rest@0,optimistic,5.2331537085105774e+302,523.3153708510578,66.64494860596226,1.888490018475404,1.0817253551772656,0.0,0.0,0.0,0.0,0.0,1.0
2686,rest@0,optimistic,5.014018859914813e+302,501.4018859914813,66.7782517266763,1.8319701315111618,0.9784486136991091,0.0,0.0,0.0,0.0,0.0,1.0
2740,rest@0,optimistic,3.5932429941723235e+302,359.3242994172324,188.48912935939785,1.8222756313771298,0.6126890732921254,0.0,0.0,0.0,0.0,0.0,1.0
2772,rest@0,optimistic,5.520321961678546e+302,552.0321961678546,110.16889077241895,1.7090588234639423,0.272385460778112,0.0,0.0,0.0,0.0,0.0,1.0
2780,rest@0,optimistic,6.3118674382921835e+302,631.1867438292184,74.39794124426014,1.0264567394624708,0.18446593524971786,0.0,0.0,0.0,0.0,0.0,1.0
2781,rest@0,optimistic,3.805518091948167e+302,380.55180919481666,114.82503612277435,1.9845763696098386,1.0107570263022483,0.0,0.0,0.0,0.0,0.0,1.0
2784,rest@0,optimistic,2.724761194539965e+303,2724.7611945399653,42.2544958222494,20.606717383349267,0.0026085373602822977,0.0,0.0,0.0,0.0,0.0,1.0
2807,rest@0,optimistic,4.8580868988541496e+302,485.80868988541494,75.17619763654488,1.3077968916134877,0.16570379555218726,0.0,0.0,0.0,0.0,0.0,1.0
2830,rest@0,optimistic,2.7453443229446174e+302,274.53443229446174,174.9468319729932,1.5844756724208817,0.5672065770248144,0.0,0.0,0.0,0.0,0.0,1.0
2939,rest@0,optimistic,1.374911502454334e+303,1374.911502454334,18.010653936973245,2.2853658310813127,0.06675399131965856,0.0,0.0,0.0,0.0,0.0,1.0
3033,rest@0,optimistic,3.874761710856418e+302,387.4761710856418,179.67340620254322,1.3154001075027997,0.758589240924225,0.0,0.0,0.0,0.0,0.0,1.0
3096,rest@0,optimistic,4.261045002931047e+302,426.1045002931047,63.73399755688122,1.8560274747551728,0.1492217862644403,0.0,0.0,0.0,0.0,0.0,1.0
3240,rest@0,optimistic,2.2376478811466072e+302,223.76478811466075,91.02651296034328,1.5877371995899705,0.5181872414392699,0.0,0.0,0.0,0.0,0.0,1.0
3559,rest@0,optimistic,4.1971576657499424e+302,419.71576657499423,100.2386370950833,1.424850304617633,0.42387689129095746,0.0,0.0,0.0,0.0,0.0,1.0
3610,rest@0,optimistic,4.705492107270839e+302,470.54921072708396,117.74872051775733,2.2038369806944185,0.14499850687279411,0.0,0.0,0.0,0.0,0.0,1.0
3612,rest@0,optimistic,4.671233898116754e+302,467.12338981167545,126.41409163013662,2.2523597840860115,0.08260386887795806,0.0,0.0,0.0,0.0,0.0,1.0
3769,rest@0,optimistic,9.109426753887678e+302,910.9426753887678,31.162067709727626,1.7657635824001585,0.20974161017525378,0.0,0.0,0.0,0.0,0.0,1.0
3816,rest@0,optimistic,6.3383961463606545e+302,633.8396146360654,88.45091960878159,2.853557211151759,1.2046677945511721,0.0,0.0,0.0,0.0,0.0,1.0
3837,rest@0,optimistic,6.365303211875409e+302,636.530321187541,272.0865393617832,1.2683291761428706,0.21643848327069207,0.0,0.0,0.0,0.0,0.0,1.0
3871,rest@0,optimistic,2.025990407543251e+302,202.5990407543251,176.6916749898799,1.679690807947255,0.4543076724105155,0.0,0.0,0.0,0.0,0.0,1.0
3917,rest@0,optimistic,5.019619812106225e+302,501.9619812106225,228.16048536660898,1.142708189799565,0.17658246583777887,0.0,0.0,0.0,0.0,0.0,1.0
3934,rest@0,optimistic,3.027408451822201e+302,302.7408451822201,218.3378243935135,3.8390018477903,0.8444994776944523,0.0,0.0,0.0,0.0,0.0,1.0
4144,rest@0,optimistic,9.572439681745953e+302,957.2439681745954,69.10571230208524,0.606537134921907,0.007769633332645739,0.0,0.0,0.0,0.0,0.0,1.0
4317,rest@0,optimistic,1.9668016480624376e+303,1966.8016480624376,23.197444116774243,3.9653752832914178,0.01962780551865886,0.0,0.0,0.0,0.0,0.0,1.0
4353,rest@0,optimistic,2.485713834068525e+302,248.57138340685253,188.80874704766285,1.312159986936977,0.46043292500014715,0.0,0.0,0.0,0.0,0.0,1.0
4443,rest@0,optimistic,6.116042294979306e+302,611.6042294979306,183.87180954624455,2.748362589314524,0.2434148642971044,0.0,0.0,0.0,0.0,0.0,1.0
4460,rest@0,optimistic,2.888661623304856e+302,288.8661623304856,84.46758324148067,1.6175746336917887,0.4995212651889505,0.0,0.0,0.0,0.0,0.0,1.0
4462,rest@0,optimistic,3.688289806190813e+302,368.8289806190813,210.1023523303285,2.308974927505667,0.6081524378356815,0.0,0.0,0.0,0.0,0.0,1.0
4494,rest@0,optimistic,5.666919036621926e+302,566.6919036621927,53.09317378889229,3.3203361679689887,1.1846750937605415,0.0,0.0,0.0,0.0,0.0,1.0
4595,rest@0,optimistic,6.303353963853661e+302,630.3353963853662,27.88433994807422,1.1954009622110766,0.07719036644319684,0.0,0.0,0.0,0.0,0.0,1.0
4764,rest@0,optimistic,6.5067047153138584e+302,650.6704715313858,181.30471094547505,1.88735028215428,0.578221075300445,0.0,0.0,0.0,0.0,0.0,1.0
4864,rest@0,optimistic,1.2840237624150445e+303,1284.0237624150445,35.492063609901685,0.7623969552345435,0.0006104480776275413,0.0,0.0,0.0,0.0,0.0,1.0
20,rest@0,realistic,5.2881081264428e+302,528.8108126442801,5.020481910760381,0.4593930427077401,0.01207160701197534,0.0,0.0,0.0,0.0,0.0,1.0
137,rest@0,realistic,1.302139562620023e+302,130.2139562620023,56.82153366808438,0.6198016487959721,0.1395503904644038,0.0,0.0,0.0,0.0,0.0,1.0
221,rest@0,realistic,2.127145491784179e+302,212.71454917841788,14.316439653365322,0.6692018981178884,0.09309456861312419,0.0,0.0,0.0,0.0,0.0,1.0
222,rest@0,realistic,1.6379271663104088e+302,163.7927166310409,55.756028650029755,1.632741523286391,0.2226318711608961,0.0,0.0,0.0,0.0,0.0,1.0
436,rest@0,realistic,3.332457199858085e+302,333.24571998580853,6.471299980019274,0.6151846357643481,0.08100527948523452,0.0,0.0,0.0,0.0,0.0,1.0
502,rest@0,realistic,4.195817183732337e+302,419.5817183732337,32.72579915612207,1.3230209613609365,0.052339159577223904,0.0,0.0,0.0,0.0,0.0,1.0
505,rest@0,realistic,3.9402203271243174e+302,394.0220327124317,34.578988597042695,1.3267657806404276,0.07072691202808123,0.0,0.0,0.0,0.0,0.0,1.0
600,rest@0,realistic,1.1593550557718502e+302,115.93550557718503,26.454265439657625,0.5055916804221553,0.28222528049956613,0.0,0.0,0.0,0.0,0.0,1.0
960,rest@0,realistic,5.706858812152744e+302,570.6858812152744,3.284770649388861,0.21168030806674262,0.00030538779894549435,0.0,0.0,0.0,0.0,0.0,1.0
1635,rest@0,realistic,8.219160760399593e+302,821.9160760399593,43.55019441236787,0.2038239206990609,0.02141834611010152,0.0,0.0,0.0,0.0,0.0,1.0
1680,rest@0,realistic,1.3206810879604754e+302,132.06810879604754,73.09488585709803,0.2673064212581954,0.0015295670254797946,0.0,0.0,0.0,0.0,0.0,1.0
1728,rest@0,realistic,9.445561871597501e+301,94.45561871597502,70.37606605242932,0.8212421153915974,0.23297288663535037,0.0,0.0,0.0,0.0,0.0,1.0
2104,rest@0,realistic,9.345091528540659e+301,93.45091528540658,56.099476066558665,0.379326612906337,0.1519044466278863,0.0,0.0,0.0,0.0,0.0,1.0
2197,rest@0,realistic,5.518294465950023e+302,551.8294465950023,3.5438507363293423,0.42097061881350334,0.024851905632637786,0.0,0.0,0.0,0.0,0.0,1.0
2202,rest@0,realistic,5.729125473906706e+302,572.9125473906706,3.3563550909146542,0.437019622196814,0.022857154477855617,0.0,0.0,0.0,0.0,0.0,1.0
2309,rest@0,realistic,1.0976450230440665e+302,109.76450230440665,41.30510064840719,0.46296137606565146,0.26220004856325263,0.0,0.0,0.0,0.0,0.0,1.0
2318,rest@0,realistic,2.1075538374309497e+302,210.75538374309497,56.76844944830051,1.2272241270579045,0.23014561969831504,0.0,0.0,0.0,0.0,0.0,1.0
2669,rest@0,realistic,1.528986301785319e+302,152.8986301785319,38.65520534921268,0.6531060246136934,0.17137547724056118,0.0,0.0,0.0,0.0,0.0,1.0
2682,rest@0,realistic,1.925408690899622e+302,192.5408690899622,24.49071725916964,0.664497173245663,0.37599457837938105,0.0,0.0,0.0,0.0,0.0,1.0
2686,rest@0,realistic,1.8443495266628003e+302,184.43495266628003,24.557224118915457,0.6501574728824334,0.33682272979192857,0.0,0.0,0.0,0.0,0.0,1.0
2740,rest@0,realistic,1.2894998964091403e+302,128.94998964091403,70.58695363827565,0.6353659529019129,0.2128469166913827,0.0,0.0,0.0,0.0,0.0,1.0
2772,rest@0,realistic,1.9965129250285376e+302,199.65129250285378,40.958608978321095,0.6069522672163951,0.09371552399079558,0.0,0.0,0.0,0.0,0.0,1.0
2780,rest@0,realistic,2.2500845545941087e+302,225.00845545941087,27.909748169363827,0.35441135354331815,0.06483223576561675,0.0,0.0,0.0,0.0,0.0,1.0
2781,rest@0,realistic,1.401258564004835e+302,140.1258564004835,42.77889968724817,0.6716467864764193,0.3624680243215229,0.0,0.0,0.0,0.0,0.0,1.0
2784,rest@0,realistic,1.031086320109815e+303,1031.086320109815,15.0710585047621,7.309831368436708,0.0009750127107317934,0.0,0.0,0.0,0.0,0.0,1.0
2807,rest@0,realistic,1.8270188489093386e+302,182.70188489093385,27.37684571933875,0.4411107857194413,0.05920912901125049,0.0,0.0,0.0,0.0,0.0,1.0
2830,rest@0,realistic,1.0091958065241812e+302,100.91958065241812,64.8625147184845,0.5356306232227149,0.20270157807090428,0.0,0.0,0.0,0.0,0.0,1.0
2939,rest@0,realistic,5.0761946137131826e+302,507.61946137131827,6.451598155102664,0.807053424860784,0.023367435486459004,0.0,0.0,0.0,0.0,0.0,1.0
3033,rest@0,realistic,1.4464563160083403e+302,144.64563160083404,66.21350587706438,0.46702116559839635,0.25930933391722205,0.0,0.0,0.0,0.0,0.0,1.0
3096,rest@0,realistic,1.5582266234970546e+302,155.82266234970547,23.468788175583637,0.6401882815172418,0.05249207244035869,0.0,0.0,0.0,0.0,0.0,1.0
3240,rest@0,realistic,8.715267991643549e+301,87.15267991643549,32.664451201002265,0.5480528464797417,0.1799136017258108,0.0,0.0,0.0,0.0,0.0,1.0
3559,rest@0,realistic,1.5544495897754052e+302,155.44495897754052,36.66429340877675,0.5124406371569434,0.14292921413861392,0.0,0.0,0.0,0.0,0.0,1.0
3610,rest@0,realistic,1.7739326134383485e+302,177.39326134383487,42.97699682456526,0.7424500550302618,0.05267403553069703,0.0,0.0,0.0,0.0,0.0,1.0
3612,rest@0,realistic,1.7467860921527378e+302,174.67860921527378,46.202995172870594,0.758947572295311,0.029916563121420527,0.0,0.0,0.0,0.0,0.0,1.0
3769,rest@0,realistic,3.46368657881795e+302,346.368657881795,11.209493998154842,0.6162353385930645,0.07296480216384515,0.0,0.0,0.0,0.0,0.0,1.0
3816,rest@0,realistic,2.3449047913862146e+302,234.49047913862145,32.79238759817734,0.9889806500531523,0.4230791330827122,0.0,0.0,0.0,0.0,0.0,1.0
3837,rest@0,realistic,2.2440570954588174e+302,224.40570954588173,103.91384618739555,0.4292788163167904,0.07791027970250128,0.0,0.0,0.0,0.0,0.0,1.0
3871,rest@0,realistic,7.726083260512227e+301,77.26083260512227,63.965475842021135,0.6024439811648314,0.15279549595182534,0.0,0.0,0.0,0.0,0.0,1.0
3917,rest@0,realistic,1.7955645097655376e+302,179.55645097655378,85.49211471327628,0.38424386914498004,0.06381024911598278,0.0,0.0,0.0,0.0,0.0,1.0
3934,rest@0,realistic,1.147469701266336e+302,114.74697012663361,78.09614581262663,1.3445656208887362,0.29062489772838923,0.0,0.0,0.0,0.0,0.0,1.0
4144,rest@0,realistic,3.3690389903923517e+302,336.90389903923517,26.047793849389333,0.20525689791428484,0.0027957569508222807,0.0,0.0,0.0,0.0,0.0,1.0
4317,rest@0,realistic,7.459658510471276e+302,745.9658510471276,8.284444081634547,1.3887476317521752,0.007065667766180237,0.0,0.0,0.0,0.0,0.0,1.0
4353,rest@0,realistic,9.237977841349829e+301,92.37977841349829,69.23867222972518,0.44921908027675556,0.16218074783841238,0.0,0.0,0.0,0.0,0.0,1.0
4443,rest@0,realistic,2.2264665210794506e+302,222.64665210794504,68.11654422477258,0.9611200034621035,0.0847129715745459,0.0,0.0,0.0,0.0,0.0,1.0
4460,rest@0,realistic,1.1224752462043405e+302,112.24752462043405,30.300262281825,0.5511811470049565,0.1759638687084097,0.0,0.0,0.0,0.0,0.0,1.0
4462,rest@0,realistic,1.3584710249947372e+302,135.84710249947372,78.91301684593869,0.7831954995842869,0.21715954917797647,0.0,0.0,0.0,0.0,0.0,1.0
4494,rest@0,realistic,2.113780958586122e+302,211.3780958586122,19.439269439240135,1.1215682222074712,0.4304246205118713,0.0,0.0,0.0,0.0,0.0,1.0
4595,rest@0,realistic,2.383084108769391e+302,238.3084108769391,10.06835624240271,0.40404482813832393,0.027525039703466595,0.0,0.0,0.0,0.0,0.0,1.0
4764,rest@0,realistic,2.3568458672984437e+302,235.68458672984437,67.45494902847847,0.6425423135435187,0.20738569888800343,0.0,0.0,0.0,0.0,0.0,1.0
4864,rest@0,realistic,4.660713393693944e+302,466.0713393693944,12.935337603336263,0.25922949926775907,0.0002189467591778155,0.0,0.0,0.0,0.0,0.0,1.0
