quantity,parameter,spearman,p_value
edv_ml,wall_volume_ml,-0.07452610048166479,1.30281387697906e-07
edv_ml,ref_cavity_volume_ml,0.6871955752765382,0.0
edv_ml,body_surface_area_m2,-0.00317745540739561,0.8221840677221101
edv_ml,phi_baseline,-0.11970510405695547,1.943640287509289e-17
edv_ml,a_pas_kpa,-0.3793182087988762,5.073066259818046e-171
edv_ml,b_pas,-0.30765391193436936,3.4577117157789884e-110
edv_ml,ca50_ref_um,0.2562934517327427,6.758227623122714e-76
edv_ml,clearance_l_per_h,0.00875502303333742,0.53575811096699
edv_ml,heart_rate_bpm,-0.25241184665937544,1.3489195193124349e-73
edv_ml,total_blood_volume_ml,0.19859991471507205,1.0841473113499032e-45
edv_ml,systemic_resistance_mmhg_s_per_ml,-0.06732316685124097,1.8692847714409024e-06
esv_ml,wall_volume_ml,-0.3801434163683693,8.105084254556047e-172
esv_ml,ref_cavity_volume_ml,0.7489974741931095,0.0
esv_ml,body_surface_area_m2,0.011214420128965605,0.4276599011259424
esv_ml,phi_baseline,-0.2229005311775616,2.181292200365063e-57
esv_ml,a_pas_kpa,0.018070795499817962,0.2011711680290685
esv_ml,b_pas,0.04497984485908891,0.001457771031840038
esv_ml,ca50_ref_um,0.32423725114692303,7.386957451753064e-123
esv_ml,clearance_l_per_h,0.0025129289169513944,0.8589306208853335
esv_ml,heart_rate_bpm,-0.006268191162231989,0.6575175155125317
esv_ml,total_blood_volume_ml,0.10499161870568535,9.58692816798432e-14
esv_ml,systemic_resistance_mmhg_s_per_ml,0.07862862466685522,2.5488877498383636e-08
stroke_volume_ml,wall_volume_ml,0.2243929055223158,3.7364571976977206e-58
stroke_volume_ml,ref_cavity_volume_ml,0.30879441304117483,4.9341574613792066e-111
stroke_volume_ml,body_surface_area_m2,-0.007160256068748662,0.6125480699727143
stroke_volume_ml,phi_baseline,0.03187598726891142,0.02412648000799458
stroke_volume_ml,a_pas_kpa,-0.5458781235956373,0.0
stroke_volume_ml,b_pas,-0.47447861483727993,1.9134224314232954e-279
stroke_volume_ml,ca50_ref_um,0.09690882287785522,6.403260674815999e-12
stroke_volume_ml,clearance_l_per_h,0.007920580568674613,0.5753304704189357
stroke_volume_ml,heart_rate_bpm,-0.35300443582145097,8.289440685729179e-147
stroke_volume_ml,total_blood_volume_ml,0.19628017634409678,1.1903090270284245e-44
stroke_volume_ml,systemic_resistance_mmhg_s_per_ml,-0.1554808441160781,1.8701966640257149e-28
ejection_fraction,wall_volume_ml,0.4739876915600853,8.607571069362078e-279
ejection_fraction,ref_cavity_volume_ml,-0.47801682012486874,3.493688941850209e-284
ejection_fraction,body_surface_area_m2,-0.006486359201698543,0.6463962277106683
ejection_fraction,phi_baseline,0.21779436175724948,8.281826051583219e-55
ejection_fraction,a_pas_kpa,-0.3309477786220942,3.227411321722513e-128
ejection_fraction,b_pas,-0.3101391855536047,4.912879901557498e-112
ejection_fraction,ca50_ref_um,-0.24134847679838597,2.9464247497524383e-67
ejection_fraction,clearance_l_per_h,-0.0013546355705566573,0.9236705316618379
ejection_fraction,heart_rate_bpm,-0.19785493967323425,2.3479643923399312e-45
ejection_fraction,total_blood_volume_ml,0.011887187920238849,0.40046506574699414
ejection_fraction,systemic_resistance_mmhg_s_per_ml,-0.16557284175045694,4.2835713127527994e-32
wall_thickness_cm,wall_volume_ml,0.9445499715599204,0.0
wall_thickness_cm,ref_cavity_volume_ml,-0.2111415258764138,1.5175933531610243e-51
wall_thickness_cm,body_surface_area_m2,-0.0012985162978695595,0.9268236066259432
wall_thickness_cm,phi_baseline,0.04326459005628003,0.002202555124132307
wall_thickness_cm,a_pas_kpa,0.1201340936059577,1.4917466547387873e-17
wall_thickness_cm,b_pas,0.10570133033685598,6.52497285060559e-14
wall_thickness_cm,ca50_ref_um,-0.08247058723071403,5.128013506779079e-09
wall_thickness_cm,clearance_l_per_h,0.011002069368531354,0.43646184202761834
wall_thickness_cm,heart_rate_bpm,0.08338071816321926,3.4698011124509952e-09
wall_thickness_cm,total_blood_volume_ml,-0.07276068400013257,2.5625035264782815e-07
wall_thickness_cm,systemic_resistance_mmhg_s_per_ml,0.019349980161645342,0.17108669794769132
lv_mass_g,wall_volume_ml,1.0,0.0
lv_mass_g,ref_cavity_volume_ml,-0.00012151730456482062,0.9931424908827349
lv_mass_g,body_surface_area_m2,0.0007525198855135929,0.9575530349373031
lv_mass_g,phi_baseline,-0.0008634491582821722,0.9513031832096589
lv_mass_g,a_pas_kpa,-0.0014919220933275587,0.9159622072226512
lv_mass_g,b_pas,0.004899818040960756,0.7289232955941471
lv_mass_g,ca50_ref_um,-0.0002496911828845078,0.9859098943250895
lv_mass_g,clearance_l_per_h,0.015775087327334077,0.26450116823759356
lv_mass_g,heart_rate_bpm,-0.003927805514852374,0.7811595275203868
lv_mass_g,total_blood_volume_ml,-0.005880219952335625,0.6774818094801895
lv_mass_g,systemic_resistance_mmhg_s_per_ml,-0.0021124730573885745,0.8812286156641402
peak_lvot_gradient_mmhg,wall_volume_ml,0.8145618029498553,0.0
peak_lvot_gradient_mmhg,ref_cavity_volume_ml,-0.3274287032558695,2.1698226367655536e-125
peak_lvot_gradient_mmhg,body_surface_area_m2,0.001731409348922912,0.9025348617042142
peak_lvot_gradient_mmhg,phi_baseline,0.2657493224369493,1.1458648178185267e-81
peak_lvot_gradient_mmhg,a_pas_kpa,-0.07122261694979412,4.562224374821064e-07
peak_lvot_gradient_mmhg,b_pas,-0.06785697079262416,1.5478975349057336e-06
peak_lvot_gradient_mmhg,ca50_ref_um,-0.15967289324747266,6.14736795987572e-30
peak_lvot_gradient_mmhg,clearance_l_per_h,0.010953897367021568,0.43847299659189315
peak_lvot_gradient_mmhg,heart_rate_bpm,-0.08206807772223594,6.08700639209624e-09
peak_lvot_gradient_mmhg,total_blood_volume_ml,-0.042669135409386695,0.0025336559318385947
peak_lvot_gradient_mmhg,systemic_resistance_mmhg_s_per_ml,-0.11069378886214139,4.05122993336008e-15
end_diastolic_pressure_mmhg,wall_volume_ml,-0.09663756205157471,7.330736407719631e-12
end_diastolic_pressure_mmhg,ref_cavity_volume_ml,-0.37491392333167256,8.269971855400678e-167
end_diastolic_pressure_mmhg,body_surface_area_m2,-0.025738161120661022,0.06864952723124663
end_diastolic_pressure_mmhg,phi_baseline,0.03487949992198021,0.013597647134542491
end_diastolic_pressure_mmhg,a_pas_kpa,0.48051640232573967,1.4519139409676943e-287
end_diastolic_pressure_mmhg,b_pas,0.4053606989839385,2.6953636356416016e-197
end_diastolic_pressure_mmhg,ca50_ref_um,-0.09354192814750602,3.3430554232273354e-11
end_diastolic_pressure_mmhg,clearance_l_per_h,0.00838876272927581,0.5529577716211649
end_diastolic_pressure_mmhg,heart_rate_bpm,-0.20075920798685074,1.13423706807513e-46
end_diastolic_pressure_mmhg,total_blood_volume_ml,0.4995749620138263,0.0
end_diastolic_pressure_mmhg,systemic_resistance_mmhg_s_per_ml,-0.23915821541824495,4.859828643968513e-66
e_over_e_prime,wall_volume_ml,0.6472543940466718,0.0
e_over_e_prime,ref_cavity_volume_ml,0.23229379036354358,2.6418305711498103e-62
e_over_e_prime,body_surface_area_m2,-0.006099519932681579,0.6661680872881013
e_over_e_prime,phi_baseline,0.04830418071160677,0.0006297410977509808
e_over_e_prime,a_pas_kpa,0.39449585005705956,4.802508267027704e-186
e_over_e_prime,b_pas,0.5016221697371052,0.0
e_over_e_prime,ca50_ref_um,-0.0892640720805961,2.5138236698952566e-10
e_over_e_prime,clearance_l_per_h,0.028515696624479916,0.04366646138781362
e_over_e_prime,heart_rate_bpm,0.004671278604315537,0.7411025404639213
e_over_e_prime,total_blood_volume_ml,-0.08676320732851002,7.835965311692384e-10
e_over_e_prime,systemic_resistance_mmhg_s_per_ml,0.04267693585716369,0.002529039116527358
peak_strain_amplitude,wall_volume_ml,-0.4066273309150291,1.2342557396549458e-198
peak_strain_amplitude,ref_cavity_volume_ml,-0.04317726415898967,0.002248493087187068
peak_strain_amplitude,body_surface_area_m2,0.013628455158798606,0.33506449584400916
peak_strain_amplitude,phi_baseline,0.12270312509371657,2.9981084180018994e-18
peak_strain_amplitude,a_pas_kpa,-0.5168895112394443,0.0
peak_strain_amplitude,b_pas,-0.4699734598755227,1.7183467434846088e-273
peak_strain_amplitude,ca50_ref_um,-0.055603851054575236,8.291523564119769e-05
peak_strain_amplitude,clearance_l_per_h,-0.012321654250068308,0.3834684337398804
peak_strain_amplitude,heart_rate_bpm,-0.3144883541480374,2.600272786959069e-115
peak_strain_amplitude,total_blood_volume_ml,0.13173398876186967,8.115560371849201e-21
peak_strain_amplitude,systemic_resistance_mmhg_s_per_ml,-0.1677304748362578,6.647690913136152e-33
mean_arterial_pressure_mmhg,wall_volume_ml,0.20718775523539645,1.1704963516245078e-49
mean_arterial_pressure_mmhg,ref_cavity_volume_ml,0.2471208558661867,1.5905318574877144e-70
mean_arterial_pressure_mmhg,body_surface_area_m2,0.017114006311231597,0.22607399886437
mean_arterial_pressure_mmhg,phi_baseline,0.0453787465701412,0.0013217352301773194
mean_arterial_pressure_mmhg,a_pas_kpa,-0.503622542614229,0.0
mean_arterial_pressure_mmhg,b_pas,-0.4325055441877139,2.6659884753153263e-227
mean_arterial_pressure_mmhg,ca50_ref_um,0.0644460169823729,5.0450818831803196e-06
mean_arterial_pressure_mmhg,clearance_l_per_h,0.005184903373013971,0.7138262866283999
mean_arterial_pressure_mmhg,heart_rate_bpm,0.24511644151704334,2.2184748919140685e-69
mean_arterial_pressure_mmhg,total_blood_volume_ml,0.29194392735964003,6.402303126544879e-99
mean_arterial_pressure_mmhg,systemic_resistance_mmhg_s_per_ml,0.42676882727001036,9.983344070564188e-221
cardiac_output_l_per_min,wall_volume_ml,0.22763923292498342,7.695376774157818e-60
cardiac_output_l_per_min,ref_cavity_volume_ml,0.32134566874837295,1.3685306525430448e-120
cardiac_output_l_per_min,body_surface_area_m2,-0.005527135797904675,0.695850307524123
cardiac_output_l_per_min,phi_baseline,0.03914452703107816,0.005610976387180395
cardiac_output_l_per_min,a_pas_kpa,-0.5686997458332124,0.0
cardiac_output_l_per_min,b_pas,-0.49270317143020775,1.850580263822428e-304
cardiac_output_l_per_min,ca50_ref_um,0.09785769408337412,3.977734907832371e-12
cardiac_output_l_per_min,clearance_l_per_h,0.009278710373446856,0.5116426738280823
cardiac_output_l_per_min,heart_rate_bpm,0.25766687050512793,1.0149375235325207e-76
cardiac_output_l_per_min,total_blood_volume_ml,0.20466104635847832,1.795697645368133e-48
cardiac_output_l_per_min,systemic_resistance_mmhg_s_per_ml,-0.17401243791858328,2.5378768018775146e-35
heart_rate_bpm,wall_volume_ml,-0.003927805514852374,0.7811595275203868
heart_rate_bpm,ref_cavity_volume_ml,-6.136304378670163e-05,0.9965371064460622
heart_rate_bpm,body_surface_area_m2,0.003902317390598911,0.7825438144907094
heart_rate_bpm,phi_baseline,-0.0027127548382345104,0.8478447918073578
heart_rate_bpm,a_pas_kpa,0.0012260272073536165,0.9308981177420632
heart_rate_bpm,b_pas,0.0008237334926735397,0.9535404743325181
heart_rate_bpm,ca50_ref_um,-0.012018928114355476,0.39526409819735014
heart_rate_bpm,clearance_l_per_h,0.0012148782257767029,0.931524949893104
heart_rate_bpm,heart_rate_bpm,1.0,0.0
heart_rate_bpm,total_blood_volume_ml,-0.0037299435983791165,0.791923486696318
heart_rate_bpm,systemic_resistance_mmhg_s_per_ml,-0.014585571291472412,0.3022275234036142
thickness_to_cavity_ratio,wall_volume_ml,0.6427968398247133,0.0
thickness_to_cavity_ratio,ref_cavity_volume_ml,-0.5121361537601438,0.0
thickness_to_cavity_ratio,body_surface_area_m2,0.0011280672513380538,0.936407168906411
thickness_to_cavity_ratio,phi_baseline,0.10011805856438458,1.2563776663539898e-12
thickness_to_cavity_ratio,a_pas_kpa,0.2818786179889322,4.562598457009336e-92
thickness_to_cavity_ratio,b_pas,0.23720201422710563,5.799712347284803e-65
thickness_to_cavity_ratio,ca50_ref_um,-0.18852741731479253,2.87520190160511e-41
thickness_to_cavity_ratio,clearance_l_per_h,0.0017172339516169349,0.9033288973142192
thickness_to_cavity_ratio,heart_rate_bpm,0.1924367016140701,5.9016660281738646e-43
thickness_to_cavity_ratio,total_blood_volume_ml,-0.15845589217204278,1.6729735577418834e-29
thickness_to_cavity_ratio,systemic_resistance_mmhg_s_per_ml,0.04867186474323003,0.0005720694683095587
stroke_volume_index_ml_per_m2,wall_volume_ml,0.21120923807339523,1.4076619076941063e-51
stroke_volume_index_ml_per_m2,ref_cavity_volume_ml,0.27998102887680393,8.311168595197332e-91
stroke_volume_index_ml_per_m2,body_surface_area_m2,-0.37194494357117636,5.251542027626858e-164
stroke_volume_index_ml_per_m2,phi_baseline,0.02782516070993532,0.04902100783237328
stroke_volume_index_ml_per_m2,a_pas_kpa,-0.5103000865715538,0.0
stroke_volume_index_ml_per_m2,b_pas,-0.43749950192657455,3.972749830606364e-233
stroke_volume_index_ml_per_m2,ca50_ref_um,0.09635531044835462,8.435347049420013e-12
stroke_volume_index_ml_per_m2,clearance_l_per_h,0.0014360502788202797,0.9190983702427645
stroke_volume_index_ml_per_m2,heart_rate_bpm,-0.32547850368832026,7.714596649912015e-124
stroke_volume_index_ml_per_m2,total_blood_volume_ml,0.18313037854669442,5.3485084421349005e-39
stroke_volume_index_ml_per_m2,systemic_resistance_mmhg_s_per_ml,-0.14796321857739192,6.756565496308814e-26
stroke_work_j,wall_volume_ml,0.6092596284293113,0.0
stroke_work_j,ref_cavity_volume_ml,0.07285009007106737,2.477119129151925e-07
stroke_work_j,body_surface_area_m2,0.00040151548342991927,0.9773442963845665
stroke_work_j,phi_baseline,0.12430861614857631,1.0810173613293813e-18
stroke_work_j,a_pas_kpa,-0.5249134179146698,0.0
stroke_work_j,b_pas,-0.44294833742988243,1.345726641219454e-239
stroke_work_j,ca50_ref_um,0.003854646325387689,0.7851347259345625
stroke_work_j,clearance_l_per_h,0.005253494499141097,0.7102103620474923
stroke_work_j,heart_rate_bpm,-0.08622031785174604,9.98807461892945e-10
stroke_work_j,total_blood_volume_ml,0.14590632866674655,3.212653704987038e-25
stroke_work_j,systemic_resistance_mmhg_s_per_ml,0.052645889643605864,0.00019443361064741402
atp_cost_per_stroke_work,wall_volume_ml,0.11239345545133926,1.5277298879497325e-15
atp_cost_per_stroke_work,ref_cavity_volume_ml,-0.11309125998231206,1.0192942254571183e-15
atp_cost_per_stroke_work,body_surface_area_m2,0.001689982226826184,0.9048556749634179
atp_cost_per_stroke_work,phi_baseline,0.146622282972388,1.871854687991826e-25
atp_cost_per_stroke_work,a_pas_kpa,0.5990993437004422,0.0
atp_cost_per_stroke_work,b_pas,0.5241537712526325,0.0
atp_cost_per_stroke_work,ca50_ref_um,-0.4067513888876972,9.118542947914658e-199
atp_cost_per_stroke_work,clearance_l_per_h,0.0014477312733418026,0.9184425940188565
atp_cost_per_stroke_work,heart_rate_bpm,0.08677295299491554,7.801799104132958e-10
atp_cost_per_stroke_work,total_blood_volume_ml,-0.13799558646230223,1.0488673085449858e-22
atp_cost_per_stroke_work,systemic_resistance_mmhg_s_per_ml,-0.07413475993644637,1.515588181162992e-07
ef_at_mid_dose,wall_volume_ml,0.46890998488029,4.240819167999249e-272
ef_at_mid_dose,ref_cavity_volume_ml,-0.4741192192065856,5.7546047654967354e-279
ef_at_mid_dose,body_surface_area_m2,-0.006197806566293211,0.6611218116463146
ef_at_mid_dose,phi_baseline,0.3603214881271096,2.586661072303367e-153
ef_at_mid_dose,a_pas_kpa,-0.2193766008434154,1.3360949285354617e-55
ef_at_mid_dose,b_pas,-0.20463191659706842,1.8527345237193485e-48
ef_at_mid_dose,ca50_ref_um,-0.29981776151385475,1.766462263664182e-104
ef_at_mid_dose,clearance_l_per_h,0.23689984153284163,8.489051933479367e-65
ef_at_mid_dose,heart_rate_bpm,-0.164949852104445,7.301324320942699e-32
ef_at_mid_dose,total_blood_volume_ml,-0.0060843243561558855,0.6669496226871197
ef_at_mid_dose,systemic_resistance_mmhg_s_per_ml,-0.1905917112491772,3.733172672914493e-42
ef_drop_at_mid_dose,wall_volume_ml,-0.13978157282929887,2.9220039395506936e-23
ef_drop_at_mid_dose,ref_cavity_volume_ml,0.18510421294394902,8.059328887196159e-40
ef_drop_at_mid_dose,body_surface_area_m2,0.004937317324657375,0.7269313180623862
ef_drop_at_mid_dose,phi_baseline,-0.47117838156273223,4.4834736827594393e-275
ef_drop_at_mid_dose,a_pas_kpa,-0.12484244444424955,7.677949118530634e-19
ef_drop_at_mid_dose,b_pas,-0.17030957304201239,6.936227661887638e-34
ef_drop_at_mid_dose,ca50_ref_um,0.28378124544213484,2.4290089905497592e-93
ef_drop_at_mid_dose,clearance_l_per_h,-0.6446055445987597,0.0
ef_drop_at_mid_dose,heart_rate_bpm,0.021477412161985992,0.12870279327798645
ef_drop_at_mid_dose,total_blood_volume_ml,0.04725176535205527,0.0008260732522241863
ef_drop_at_mid_dose,systemic_resistance_mmhg_s_per_ml,0.10738644264897514,2.590340446252642e-14
ef_slope_per_mg,wall_volume_ml,-0.13978157282929887,2.9220039395506936e-23
ef_slope_per_mg,ref_cavity_volume_ml,0.18510421294394902,8.059328887196159e-40
ef_slope_per_mg,body_surface_area_m2,0.004937317324657375,0.7269313180623862
ef_slope_per_mg,phi_baseline,-0.47117838156273223,4.4834736827594393e-275
ef_slope_per_mg,a_pas_kpa,-0.12484244444424955,7.677949118530634e-19
ef_slope_per_mg,b_pas,-0.17030957304201239,6.936227661887638e-34
ef_slope_per_mg,ca50_ref_um,0.28378124544213484,2.4290089905497592e-93
ef_slope_per_mg,clearance_l_per_h,-0.6446055445987597,0.0
ef_slope_per_mg,heart_rate_bpm,0.021477412161985992,0.12870279327798645
ef_slope_per_mg,total_blood_volume_ml,0.04725176535205527,0.0008260732522241863
ef_slope_per_mg,systemic_resistance_mmhg_s_per_ml,0.10738644264897514,2.590340446252642e-14
