quantity,parameter,group,S1,S1_conf,ST,ST_conf,n_imputed
edv_ml,wall_volume_ml,measured,0.001138919196019829,0.016849670417692263,0.01597029410619796,0.005476911767634614,0
edv_ml,ref_cavity_volume_ml,measured,0.3911843715344185,0.08769016871308137,0.3938265923584269,0.05865719086144802,0
edv_ml,body_surface_area_m2,measured,0.0,0.0,0.0,0.0,0
edv_ml,phi_baseline,hidden,0.02909031463389948,0.023534492145716908,0.02026231161178194,0.005938052935781268,0
edv_ml,a_pas_kpa,hidden,0.20386581058756054,0.0691605830527705,0.24227598010129092,0.055209694109022586,0
edv_ml,b_pas,hidden,0.09375263610912977,0.04922422517547056,0.14972700362882826,0.03895714872483829,0
edv_ml,ca50_ref_um,hidden,0.0784459823782083,0.0413716140362487,0.09063041715486855,0.023669500058064563,0
edv_ml,clearance_l_per_h,hidden,0.0,0.0,0.0,0.0,0
edv_ml,heart_rate_bpm,loading,0.0567141957741471,0.03727869696736658,0.0859390978496987,0.021753952911022504,0
edv_ml,total_blood_volume_ml,loading,0.031343238550707496,0.03354927651617706,0.04439945461092342,0.008544053005531542,0
edv_ml,systemic_resistance_mmhg_s_per_ml,loading,0.0166787494020233,0.01564699132360331,0.012628654791309023,0.0032249346990342377,0
esv_ml,wall_volume_ml,measured,0.1696630300670773,0.06730353657693237,0.23271916101411966,0.04958106403928065,0
esv_ml,ref_cavity_volume_ml,measured,0.5026387017768383,0.10622566919671175,0.5467509248914062,0.09610615997272666,0
esv_ml,body_surface_area_m2,measured,0.0,0.0,0.0,0.0,0
esv_ml,phi_baseline,hidden,0.06106882733505038,0.038413038851238444,0.06337091836655308,0.015505889087670987,0
esv_ml,a_pas_kpa,hidden,0.014224881456812588,0.0403635096339851,0.06307282034965572,0.02086054992828536,0
esv_ml,b_pas,hidden,-0.006722994644042998,0.026050376177393572,0.0530962796551485,0.019390400162640504,0
esv_ml,ca50_ref_um,hidden,0.11112959729258239,0.05009647943962451,0.1248182165984988,0.026879771285748352,0
esv_ml,clearance_l_per_h,hidden,0.0,0.0,0.0,0.0,0
esv_ml,heart_rate_bpm,loading,-0.005714707986130293,0.008812339240710499,0.0045510190152374215,0.001943506525367102,0
esv_ml,total_blood_volume_ml,loading,0.00891277683583223,0.017408772606484497,0.019521641721143606,0.007762332903224737,0
esv_ml,systemic_resistance_mmhg_s_per_ml,loading,-0.0012571426553485258,0.012671410427567656,0.008548807965102448,0.0017350611623021123,0
stroke_volume_ml,wall_volume_ml,measured,0.06456453654556833,0.038949661555448906,0.07579168839914553,0.013314860959624596,0
stroke_volume_ml,ref_cavity_volume_ml,measured,0.0775758758213741,0.04658056010305197,0.0970854600198325,0.019479614411079038,0
stroke_volume_ml,body_surface_area_m2,measured,0.0,0.0,0.0,0.0,0
stroke_volume_ml,phi_baseline,hidden,0.012896551710918972,0.014822297057378104,0.012496624990143063,0.004737871844004007,0
stroke_volume_ml,a_pas_kpa,hidden,0.3420903648163917,0.0738325512842902,0.36899899859559593,0.05669997218094783,0
stroke_volume_ml,b_pas,hidden,0.21482715292710253,0.07672257424239096,0.2543606848461236,0.04271057522081704,0
stroke_volume_ml,ca50_ref_um,hidden,0.021978686542773403,0.02847585340815619,0.036953646458895074,0.012577153014000052,0
stroke_volume_ml,clearance_l_per_h,hidden,0.0,0.0,0.0,0.0,0
stroke_volume_ml,heart_rate_bpm,loading,0.11359723742409054,0.046994908535537415,0.15469117856708411,0.03015431104533135,0
stroke_volume_ml,total_blood_volume_ml,loading,0.02579719838771663,0.027130741762502093,0.03650468982573337,0.006313226875296395,0
stroke_volume_ml,systemic_resistance_mmhg_s_per_ml,loading,0.044046278940774786,0.028601345346517346,0.05045064872622895,0.010613338859795082,0
ejection_fraction,wall_volume_ml,measured,0.2846795138403617,0.08523019072547164,0.323475206805807,0.05106881174810025,0
ejection_fraction,ref_cavity_volume_ml,measured,0.234917692826317,0.06672304612753328,0.2737310496521893,0.04443705870621744,0
ejection_fraction,body_surface_area_m2,measured,0.0,0.0,0.0,0.0,0
ejection_fraction,phi_baseline,hidden,0.048588731135323436,0.03136828852107467,0.05947720275520973,0.010375540634753962,0
ejection_fraction,a_pas_kpa,hidden,0.11105606588406172,0.05549747483382276,0.15707637281213638,0.03483794315164257,0
ejection_fraction,b_pas,hidden,0.09929481422922681,0.05188032715417853,0.1559995210753329,0.030837677884691668,0
ejection_fraction,ca50_ref_um,hidden,0.061294043055796915,0.038511618116521394,0.07173196047487236,0.013490999051018946,0
ejection_fraction,clearance_l_per_h,hidden,0.0,0.0,0.0,0.0,0
ejection_fraction,heart_rate_bpm,loading,0.03895640765588407,0.027274677338758598,0.04422245330179141,0.007508019029758353,0
ejection_fraction,total_blood_volume_ml,loading,0.001583729098456411,0.007523345346550897,0.0025602192203349455,0.0010779478683510982,0
ejection_fraction,systemic_resistance_mmhg_s_per_ml,loading,0.021748529996114766,0.026130645119199342,0.036886195256664714,0.006212818107544774,0
wall_thickness_cm,wall_volume_ml,measured,0.8812405129357481,0.1094244391733984,0.9030306346221664,0.10732480750052155,0
wall_thickness_cm,ref_cavity_volume_ml,measured,0.044382858118153144,0.030619096744985478,0.04963104972847562,0.007949455927121684,0
wall_thickness_cm,body_surface_area_m2,measured,0.0,0.0,0.0,0.0,0
wall_thickness_cm,phi_baseline,hidden,0.006910069932869432,0.00812931595846799,0.0024590471114769876,0.0006571718368553154,0
wall_thickness_cm,a_pas_kpa,hidden,0.019933666846714285,0.02326540189237893,0.022026465370197396,0.0051034511350538285,0
wall_thickness_cm,b_pas,hidden,0.008927039504387422,0.018839194597009126,0.013553845108664782,0.0026898430975176367,0
wall_thickness_cm,ca50_ref_um,hidden,0.006290039709612393,0.012591496252125358,0.011280749910630177,0.0031115361769489627,0
wall_thickness_cm,clearance_l_per_h,hidden,0.0,0.0,0.0,0.0,0
wall_thickness_cm,heart_rate_bpm,loading,0.005715746039395046,0.015207643505714984,0.010976563424968536,0.002568039644945707,0
wall_thickness_cm,total_blood_volume_ml,loading,0.003033256623651824,0.00853290555461469,0.004373003134296545,0.000807863981740249,0
wall_thickness_cm,systemic_resistance_mmhg_s_per_ml,loading,0.0017592903702115358,0.005070128390997722,0.0012239562252953943,0.0003090716487963737,0
lv_mass_g,wall_volume_ml,measured,1.0004023020271504,0.10590929866106757,0.9981278354212275,0.09081347589528914,0
lv_mass_g,ref_cavity_volume_ml,measured,0.0,0.0,0.0,0.0,0
lv_mass_g,body_surface_area_m2,measured,0.0,0.0,0.0,0.0,0
lv_mass_g,phi_baseline,hidden,0.0,0.0,0.0,0.0,0
lv_mass_g,a_pas_kpa,hidden,0.0,0.0,0.0,0.0,0
lv_mass_g,b_pas,hidden,0.0,0.0,0.0,0.0,0
lv_mass_g,ca50_ref_um,hidden,0.0,0.0,0.0,0.0,0
lv_mass_g,clearance_l_per_h,hidden,0.0,0.0,0.0,0.0,0
lv_mass_g,heart_rate_bpm,loading,0.0,0.0,0.0,0.0,0
lv_mass_g,total_blood_volume_ml,loading,0.0,0.0,0.0,0.0,0
lv_mass_g,systemic_resistance_mmhg_s_per_ml,loading,0.0,0.0,0.0,0.0,0
peak_lvot_gradient_mmhg,wall_volume_ml,measured,0.5024073068349714,0.11521907777395857,0.721295020696038,0.14535085816387816,0
peak_lvot_gradient_mmhg,ref_cavity_volume_ml,measured,0.17066458908159657,0.07717223466045267,0.3472573449738759,0.0682839702140016,0
peak_lvot_gradient_mmhg,body_surface_area_m2,measured,0.0,0.0,0.0,0.0,0
peak_lvot_gradient_mmhg,phi_baseline,hidden,0.04050531619752379,0.04192847435598053,0.06315992519134606,0.01719555019861859,0
peak_lvot_gradient_mmhg,a_pas_kpa,hidden,-0.0026326029517038606,0.019558848333479605,0.017030858377032002,0.005737437619104778,0
peak_lvot_gradient_mmhg,b_pas,hidden,0.004028843052312695,0.014203019794191005,0.01679976793005485,0.005899623604769249,0
peak_lvot_gradient_mmhg,ca50_ref_um,hidden,0.03973692148834584,0.045447717990993605,0.07239266465838341,0.018829956545597132,0
peak_lvot_gradient_mmhg,clearance_l_per_h,hidden,0.0,0.0,0.0,0.0,0
peak_lvot_gradient_mmhg,heart_rate_bpm,loading,0.007748467089939607,0.011237137845685663,0.00324355900035314,0.0012372820140089233,0
peak_lvot_gradient_mmhg,total_blood_volume_ml,loading,-0.0016638456551412517,0.011093977049246582,0.00613266753964291,0.0018656191591778757,0
peak_lvot_gradient_mmhg,systemic_resistance_mmhg_s_per_ml,loading,0.0015769569836807376,0.011268343002950201,0.005578675777371321,0.001186317202391981,0
end_diastolic_pressure_mmhg,wall_volume_ml,measured,0.014508794252187297,0.018569351856204796,0.015093628303109664,0.0031271787616007135,0
end_diastolic_pressure_mmhg,ref_cavity_volume_ml,measured,0.13962027733052454,0.05208889077283252,0.1511106902557937,0.023029627699209347,0
end_diastolic_pressure_mmhg,body_surface_area_m2,measured,0.0,0.0,0.0,0.0,0
end_diastolic_pressure_mmhg,phi_baseline,hidden,0.007141553441934162,0.010579023503957369,0.006432411873026328,0.003202236034506603,0
end_diastolic_pressure_mmhg,a_pas_kpa,hidden,0.2844727647378196,0.08819309152490144,0.2949439349457418,0.05824435503412466,0
end_diastolic_pressure_mmhg,b_pas,hidden,0.17642940113244476,0.06814069558495185,0.1913813535566877,0.03851271580740119,0
end_diastolic_pressure_mmhg,ca50_ref_um,hidden,0.01712378358719767,0.019809237544954488,0.029863769038376717,0.00961028056937348,0
end_diastolic_pressure_mmhg,clearance_l_per_h,hidden,0.0,0.0,0.0,0.0,0
end_diastolic_pressure_mmhg,heart_rate_bpm,loading,0.06113235130814923,0.03451262068598159,0.05684187461968696,0.010319282465509536,0
end_diastolic_pressure_mmhg,total_blood_volume_ml,loading,0.2610870379017144,0.05403954639179676,0.273041223956448,0.04479633392987249,0
end_diastolic_pressure_mmhg,systemic_resistance_mmhg_s_per_ml,loading,0.04402453370577617,0.035055024148174074,0.053075576671671204,0.00851831057543642,0
e_over_e_prime,wall_volume_ml,measured,0.43127279728139095,0.09087917965859026,0.4430939927541042,0.06498867369855882,0
e_over_e_prime,ref_cavity_volume_ml,measured,0.08187669388979599,0.03973942197744664,0.08041594804246979,0.014508540995527154,0
e_over_e_prime,body_surface_area_m2,measured,0.0,0.0,0.0,0.0,0
e_over_e_prime,phi_baseline,hidden,-0.005099786572813788,0.0134657196912134,0.0074142200988133325,0.0018327122444828153,0
e_over_e_prime,a_pas_kpa,hidden,0.2089264212311137,0.06738476851794158,0.22873198681070572,0.04214690702179,0
e_over_e_prime,b_pas,hidden,0.2362458534530316,0.08351806294921242,0.30731120542189067,0.049928622305112205,0
e_over_e_prime,ca50_ref_um,hidden,0.006220046913302182,0.022764567013505377,0.024736890025374825,0.005418993317069115,0
e_over_e_prime,clearance_l_per_h,hidden,0.0,0.0,0.0,0.0,0
e_over_e_prime,heart_rate_bpm,loading,3.843468273260193e-05,0.006191656319559389,0.002686586176307149,0.0013945730236428313,0
e_over_e_prime,total_blood_volume_ml,loading,0.012737933365856133,0.02184719799321516,0.0190720212492338,0.005657632916871463,0
e_over_e_prime,systemic_resistance_mmhg_s_per_ml,loading,0.007068383078142738,0.01260526934719032,0.009723881910575546,0.0026628426562684024,0
peak_strain_amplitude,wall_volume_ml,measured,0.16180416667943592,0.07822769659820199,0.2687253428771557,0.0643901836048686,0
peak_strain_amplitude,ref_cavity_volume_ml,measured,7.088661002859933e-05,0.03640312251067676,0.07024476006484441,0.01896011503414036,0
peak_strain_amplitude,body_surface_area_m2,measured,0.0,0.0,0.0,0.0,0
peak_strain_amplitude,phi_baseline,hidden,0.023727321149492418,0.023910034942124996,0.03588880720957396,0.007124752547074009,0
peak_strain_amplitude,a_pas_kpa,hidden,0.310236571497165,0.07814446634913289,0.3262228368458398,0.05330505384317539,0
peak_strain_amplitude,b_pas,hidden,0.21422475794129525,0.0782847035277904,0.26532327378878834,0.048483000154484514,0
peak_strain_amplitude,ca50_ref_um,hidden,0.009676961003705999,0.02222102469438746,0.03618117734436674,0.009382995715739542,0
peak_strain_amplitude,clearance_l_per_h,hidden,0.0,0.0,0.0,0.0,0
peak_strain_amplitude,heart_rate_bpm,loading,0.08271864607364347,0.04370935050270762,0.12569625684634658,0.024540592060961045,0
peak_strain_amplitude,total_blood_volume_ml,loading,0.01195068119746538,0.015518537106595733,0.015252897074928943,0.0029717438891967898,0
peak_strain_amplitude,systemic_resistance_mmhg_s_per_ml,loading,0.04864284881953496,0.028151227699202506,0.061066805167788264,0.011972904650085879,0
mean_arterial_pressure_mmhg,wall_volume_ml,measured,0.07287766214703378,0.03625109537065837,0.07821916134887567,0.01457682774985133,0
mean_arterial_pressure_mmhg,ref_cavity_volume_ml,measured,0.03555076423172311,0.03309984169534903,0.06716205348816759,0.013611623694006023,0
mean_arterial_pressure_mmhg,body_surface_area_m2,measured,0.0,0.0,0.0,0.0,0
mean_arterial_pressure_mmhg,phi_baseline,hidden,0.008937623914645901,0.013838552832980237,0.01278536127941138,0.004592980246517302,0
mean_arterial_pressure_mmhg,a_pas_kpa,hidden,0.289620412450033,0.07579819611773563,0.30724514127418034,0.04761487848452811,0
mean_arterial_pressure_mmhg,b_pas,hidden,0.18472556372041823,0.06547458331744167,0.20185623770384925,0.032846636758947376,0
mean_arterial_pressure_mmhg,ca50_ref_um,hidden,0.01018770371809812,0.025030302090178026,0.034783267145035934,0.01098270143205155,0
mean_arterial_pressure_mmhg,clearance_l_per_h,hidden,0.0,0.0,0.0,0.0,0
mean_arterial_pressure_mmhg,heart_rate_bpm,loading,0.08339559868611392,0.04026143907047249,0.09010036070639638,0.014635835656317969,0
mean_arterial_pressure_mmhg,total_blood_volume_ml,loading,0.0823076639391066,0.04264563299247334,0.08662052321885794,0.012666739194734633,0
mean_arterial_pressure_mmhg,systemic_resistance_mmhg_s_per_ml,loading,0.16320327006866298,0.0583509427596122,0.18233064023142126,0.024185845062560808,0
cardiac_output_l_per_min,wall_volume_ml,measured,0.07510827209772336,0.035882892642675676,0.08392623839234914,0.014957161765252823,0
cardiac_output_l_per_min,ref_cavity_volume_ml,measured,0.07996750718878605,0.042745459277086034,0.11155242042402848,0.02086674418762337,0
cardiac_output_l_per_min,body_surface_area_m2,measured,0.0,0.0,0.0,0.0,0
cardiac_output_l_per_min,phi_baseline,hidden,0.010582475014650957,0.01540125077203727,0.01482211158777585,0.00545890237557442,0
cardiac_output_l_per_min,a_pas_kpa,hidden,0.3593732412745212,0.08138597254819174,0.3909356615242874,0.06472984814695175,0
cardiac_output_l_per_min,b_pas,hidden,0.24255386397108278,0.07333987419272475,0.26485991322516006,0.04435649046402038,0
cardiac_output_l_per_min,ca50_ref_um,hidden,0.02195297460238688,0.03004005141044823,0.04938655353634944,0.015910440928033186,0
cardiac_output_l_per_min,clearance_l_per_h,hidden,0.0,0.0,0.0,0.0,0
cardiac_output_l_per_min,heart_rate_bpm,loading,0.08071499566580047,0.03483761680363934,0.10160558243216121,0.019663671809141102,0
cardiac_output_l_per_min,total_blood_volume_ml,loading,0.03034052246149675,0.029083357609899434,0.039580931104072306,0.006859771968232837,0
cardiac_output_l_per_min,systemic_resistance_mmhg_s_per_ml,loading,0.06611232974946604,0.03170907059932516,0.05776570359823408,0.01077321141811108,0
heart_rate_bpm,wall_volume_ml,measured,0.0,0.0,0.0,0.0,0
heart_rate_bpm,ref_cavity_volume_ml,measured,0.0,0.0,0.0,0.0,0
heart_rate_bpm,body_surface_area_m2,measured,0.0,0.0,0.0,0.0,0
heart_rate_bpm,phi_baseline,hidden,0.0,0.0,0.0,0.0,0
heart_rate_bpm,a_pas_kpa,hidden,0.0,0.0,0.0,0.0,0
heart_rate_bpm,b_pas,hidden,0.0,0.0,0.0,0.0,0
heart_rate_bpm,ca50_ref_um,hidden,0.0,0.0,0.0,0.0,0
heart_rate_bpm,clearance_l_per_h,hidden,0.0,0.0,0.0,0.0,0
heart_rate_bpm,heart_rate_bpm,loading,1.0001857842370536,0.11233715199750678,0.9987102310381274,0.0977208208553704,0
heart_rate_bpm,total_blood_volume_ml,loading,0.0,0.0,0.0,0.0,0
heart_rate_bpm,systemic_resistance_mmhg_s_per_ml,loading,0.0,0.0,0.0,0.0,0
thickness_to_cavity_ratio,wall_volume_ml,measured,0.36097167245910355,0.08165935801602252,0.43927036390203905,0.07432144948709508,0
thickness_to_cavity_ratio,ref_cavity_volume_ml,measured,0.25778220748461,0.06068410864202303,0.3122555592521501,0.049298740041054716,0
thickness_to_cavity_ratio,body_surface_area_m2,measured,0.0,0.0,0.0,0.0,0
thickness_to_cavity_ratio,phi_baseline,hidden,0.029000260783019087,0.025661790467959678,0.01672431125766701,0.005751486503909875,0
thickness_to_cavity_ratio,a_pas_kpa,hidden,0.09940664330892503,0.04047717990459858,0.10779517752022331,0.023629078924658306,0
thickness_to_cavity_ratio,b_pas,hidden,0.05438773232714791,0.035452007997913246,0.0663844879958424,0.01692957794051932,0
thickness_to_cavity_ratio,ca50_ref_um,hidden,0.035712374501483735,0.03106903578967987,0.07200724662079022,0.02291571220532865,0
thickness_to_cavity_ratio,clearance_l_per_h,hidden,0.0,0.0,0.0,0.0,0
thickness_to_cavity_ratio,heart_rate_bpm,loading,0.05449766928464479,0.04598011256412408,0.07380618395375903,0.022046778563217878,0
thickness_to_cavity_ratio,total_blood_volume_ml,loading,0.009736878619636352,0.02188051286930938,0.022473977309955,0.004816193626732265,0
thickness_to_cavity_ratio,systemic_resistance_mmhg_s_per_ml,loading,0.005553440474501312,0.010654920708577705,0.0058905155884219395,0.0012818027895949969,0
stroke_volume_index_ml_per_m2,wall_volume_ml,measured,0.054306760914478384,0.03462372666913328,0.0666025542870717,0.013200318595873119,0
stroke_volume_index_ml_per_m2,ref_cavity_volume_ml,measured,0.07195022476803276,0.04845934315669131,0.0859720849495068,0.01813539547694125,0
stroke_volume_index_ml_per_m2,body_surface_area_m2,measured,0.12706250142550402,0.04918263003358005,0.14030536556392237,0.023594419379286368,0
stroke_volume_index_ml_per_m2,phi_baseline,hidden,0.010645845128615515,0.015296118905260123,0.011063253200747546,0.0041471200365472355,0
stroke_volume_index_ml_per_m2,a_pas_kpa,hidden,0.29835009298931914,0.07506816110290178,0.32884873348771676,0.06244760132710994,0
stroke_volume_index_ml_per_m2,b_pas,hidden,0.18889528240140038,0.07338050376784717,0.22673453593600348,0.038318651484681714,0
stroke_volume_index_ml_per_m2,ca50_ref_um,hidden,0.010645978901977767,0.027464630062102167,0.03245940913361953,0.010642646410653907,0
stroke_volume_index_ml_per_m2,clearance_l_per_h,hidden,0.0,0.0,0.0,0.0,0
stroke_volume_index_ml_per_m2,heart_rate_bpm,loading,0.09367322933261066,0.04861995769300082,0.13723883670269985,0.028472287318274718,0
stroke_volume_index_ml_per_m2,total_blood_volume_ml,loading,0.03020803184516038,0.024841747371033306,0.03220649853302732,0.006519325261866753,0
stroke_volume_index_ml_per_m2,systemic_resistance_mmhg_s_per_ml,loading,0.03726988190165669,0.027074937762024888,0.04455657692437166,0.009121833988968337,0
stroke_work_j,wall_volume_ml,measured,0.35712549160002055,0.08963996056896134,0.36254764696618935,0.05492867271000256,0
stroke_work_j,ref_cavity_volume_ml,measured,-0.005031958345982628,0.01762938759718673,0.013473615039761409,0.00325068795185411,0
stroke_work_j,body_surface_area_m2,measured,0.0,0.0,0.0,0.0,0
stroke_work_j,phi_baseline,hidden,0.01022418571314806,0.018239342111030257,0.02154469201073529,0.004703533575028899,0
stroke_work_j,a_pas_kpa,hidden,0.3047841172995159,0.08431747718208266,0.33994136418784987,0.07090579677437699,0
stroke_work_j,b_pas,hidden,0.1957360790529185,0.06658005694470928,0.21720654839482842,0.040535854436203465,0
stroke_work_j,ca50_ref_um,hidden,0.01622707563748527,0.021942221703230867,0.018944332207826615,0.005661244216356407,0
stroke_work_j,clearance_l_per_h,hidden,0.0,0.0,0.0,0.0,0
stroke_work_j,heart_rate_bpm,loading,0.012613781739462818,0.018891036178260795,0.029192037688952312,0.00936563739805563,0
stroke_work_j,total_blood_volume_ml,loading,0.020862328786838767,0.024534376439471692,0.030673046363828838,0.0075718855182295855,0
stroke_work_j,systemic_resistance_mmhg_s_per_ml,loading,0.0032155779448223686,0.00904693429730863,0.004155983540757946,0.000665660587604048,0
atp_cost_per_stroke_work,wall_volume_ml,measured,0.012686232500049207,0.023275615240452303,0.05401133576865558,0.014365812956594715,0
atp_cost_per_stroke_work,ref_cavity_volume_ml,measured,0.01316262442811847,0.028701186945071115,0.04157839670069389,0.01434860467476205,0
atp_cost_per_stroke_work,body_surface_area_m2,measured,0.0,0.0,0.0,0.0,0
atp_cost_per_stroke_work,phi_baseline,hidden,0.010594558224049542,0.02495793917463389,0.025010166184662137,0.006167149118991886,0
atp_cost_per_stroke_work,a_pas_kpa,hidden,0.3298411770110071,0.0860771675870833,0.4359138960957523,0.09054441900268222,0
atp_cost_per_stroke_work,b_pas,hidden,0.3215378757188655,0.11632056858294265,0.3889396620873204,0.07236595454797815,0
atp_cost_per_stroke_work,ca50_ref_um,hidden,0.15750128419129858,0.058767173155171805,0.18102685745580807,0.03382427282615037,0
atp_cost_per_stroke_work,clearance_l_per_h,hidden,0.0,0.0,0.0,0.0,0
atp_cost_per_stroke_work,heart_rate_bpm,loading,0.00959115133110063,0.017457439973417914,0.02196034448723039,0.0068504464982364205,0
atp_cost_per_stroke_work,total_blood_volume_ml,loading,0.017648777452089506,0.01945509722994842,0.017498889532218988,0.003957754675793618,0
atp_cost_per_stroke_work,systemic_resistance_mmhg_s_per_ml,loading,0.005507885361509117,0.017034342607231714,0.013920709081522044,0.0038554034010325456,0
ef_at_mid_dose,wall_volume_ml,measured,0.238936725336355,0.0745337727144919,0.2507805204844252,0.040190849314961315,0
ef_at_mid_dose,ref_cavity_volume_ml,measured,0.2312387773271213,0.06199544356285613,0.2508281238092857,0.042008598867365694,0
ef_at_mid_dose,body_surface_area_m2,measured,0.0,0.0,0.0,0.0,0
ef_at_mid_dose,phi_baseline,hidden,0.126156186056033,0.05190260940311277,0.14262458243455325,0.020842600814572964,0
ef_at_mid_dose,a_pas_kpa,hidden,0.061648207705931,0.041450839035105214,0.09734870122497605,0.019675269464557426,0
ef_at_mid_dose,b_pas,hidden,0.05044063988142694,0.04398602675377712,0.09270091711437475,0.02059653089077908,0
ef_at_mid_dose,ca50_ref_um,hidden,0.10337299961612559,0.047542807763374585,0.10515260885382027,0.01859444735827272,0
ef_at_mid_dose,clearance_l_per_h,hidden,0.04090231566315228,0.03815472069651802,0.07129416293840542,0.014352826771583328,0
ef_at_mid_dose,heart_rate_bpm,loading,0.029597271180155454,0.026080119385334107,0.037688058180043636,0.006457334139305685,0
ef_at_mid_dose,total_blood_volume_ml,loading,0.002319691997465281,0.007471922553259444,0.002905975142851567,0.001698909740391612,0
ef_at_mid_dose,systemic_resistance_mmhg_s_per_ml,loading,0.02211642593882565,0.027918129765168116,0.04011617522535029,0.0073286326762769475,0
ef_drop_at_mid_dose,wall_volume_ml,measured,0.037243981372835494,0.04257049573612664,0.11207526274145332,0.02574518380393019,0
ef_drop_at_mid_dose,ref_cavity_volume_ml,measured,0.019761190855525166,0.03595357372697101,0.08165044321654949,0.021268080467443048,0
ef_drop_at_mid_dose,body_surface_area_m2,measured,0.0,0.0,0.0,0.0,0
ef_drop_at_mid_dose,phi_baseline,hidden,0.18088063499256848,0.06196405537585246,0.22019374274567224,0.04266448349527414,0
ef_drop_at_mid_dose,a_pas_kpa,hidden,0.040088175360203,0.038552660321393574,0.06668230718494705,0.01467623496648094,0
ef_drop_at_mid_dose,b_pas,hidden,0.021977290440708744,0.03235817925407032,0.060004778208881976,0.014792818985722078,0
ef_drop_at_mid_dose,ca50_ref_um,hidden,0.06162038485490128,0.04014067505696694,0.09990649798318768,0.02466299531223267,0
ef_drop_at_mid_dose,clearance_l_per_h,hidden,0.42311777460764166,0.09710055520346689,0.5048915529247698,0.09825221133055484,0
ef_drop_at_mid_dose,heart_rate_bpm,loading,0.004680484417869636,0.013380097636397826,0.008004279408215218,0.002842831453677913,0
ef_drop_at_mid_dose,total_blood_volume_ml,loading,0.003842023795635068,0.008048253426133528,0.005954435952454621,0.0028591645271193716,0
ef_drop_at_mid_dose,systemic_resistance_mmhg_s_per_ml,loading,0.0028473158522253268,0.012324384004773977,0.01129260982015165,0.0027436452308785032,0
ef_slope_per_mg,wall_volume_ml,measured,0.037243981372834974,0.04969415047772028,0.11207526274145299,0.02775282255128265,0
ef_slope_per_mg,ref_cavity_volume_ml,measured,0.01976119085552468,0.04273537409317806,0.08165044321654936,0.02303701766823873,0
ef_slope_per_mg,body_surface_area_m2,measured,0.0,0.0,0.0,0.0,0
ef_slope_per_mg,phi_baseline,hidden,0.18088063499256754,0.061532302675862294,0.22019374274567244,0.044593319106244596,0
ef_slope_per_mg,a_pas_kpa,hidden,0.04008817536020211,0.036483322800226564,0.06668230718494714,0.01611801514135597,0
ef_slope_per_mg,b_pas,hidden,0.021977290440707807,0.039417487092557775,0.060004778208881775,0.016025685290648788,0
ef_slope_per_mg,ca50_ref_um,hidden,0.0616203848549004,0.04387276585409848,0.09990649798318772,0.02499883522614124,0
ef_slope_per_mg,clearance_l_per_h,hidden,0.42311777460764066,0.09478988716442509,0.504891552924769,0.08057240466373096,0
ef_slope_per_mg,heart_rate_bpm,loading,0.004680484417868886,0.01186561506930872,0.008004279408215216,0.002297457326772257,0
ef_slope_per_mg,total_blood_volume_ml,loading,0.00384202379563446,0.009217740501670877,0.005954435952454563,0.0030715535118551766,0
ef_slope_per_mg,systemic_resistance_mmhg_s_per_ml,loading,0.002847315852224435,0.012925542394940748,0.011292609820151648,0.0025689775197815547,0
